USE sams;

INSERT IGNORE INTO college(college_id, college_name) VALUES
('04', '文化与传播学院'),
('05', '人工智能学院'),
('06', '电子信息学院');

INSERT IGNORE INTO permission_def(permission_code, user_type, permission_name, scope_level, sort_no) VALUES
('STUDENT_VIEW_DORM', 'student', '查看自己寝室违规情况', 'dorm', 10),
('STUDENT_VIEW_COLLEGE', 'student', '查看自己教学院违规情况', 'college', 20),
('STUDENT_VIEW_SCHOOL', 'student', '查看全校寝室违规情况', 'school', 30),
('STUDENT_SUBMIT_COLLEGE', 'student', '提交自己教学院内的违规记录', 'college', 40),
('STUDENT_SUBMIT_SCHOOL', 'student', '提交全校范围内的违规记录', 'school', 50),
('STUDENT_AUDIT_COLLEGE', 'student', '审核自己教学院内的违规记录', 'college', 60),
('STUDENT_AUDIT_SCHOOL', 'student', '审核全校违规记录', 'school', 70),
('TEACHER_VIEW_COLLEGE', 'teacher', '查看自己教学院的违规情况', 'college', 110),
('TEACHER_VIEW_SCHOOL', 'teacher', '查看全校的违规情况', 'school', 120),
('TEACHER_AUDIT_COLLEGE', 'teacher', '审核自己教学院的违规申诉', 'college', 130),
('TEACHER_AUDIT_SCHOOL', 'teacher', '审核全校违规申诉', 'school', 140),
('TEACHER_GRANT_STUDENT_COLLEGE', 'teacher', '授予本学院学生权限', 'college', 150),
('TEACHER_GRANT_STUDENT_SCHOOL', 'teacher', '授予全校学生权限', 'school', 160),
('TEACHER_MANAGE_COLLEGE', 'teacher', '维护教学院信息', 'school', 170),
('TEACHER_MANAGE_CLASS_COLLEGE', 'teacher', '维护本学院班级信息', 'college', 180),
('TEACHER_MANAGE_CLASS_SCHOOL', 'teacher', '维护全校班级信息', 'school', 190),
('SYSTEM_MANAGE_TEACHER_PERMISSION', 'teacher', '系统管理员维护教师权限', 'school', 900);

INSERT IGNORE INTO class_info
(college_id, major_code, major_name, major_short_name, class_code, class_name)
VALUES
('04', '01', '网络与新媒体', '网媒', '01', '网媒1班'),
('04', '02', '汉语言文学', '汉文', '01', '汉文1班'),
('04', '03', '广告学', '广告', '01', '广告1班'),
('05', '01', '计算机科学与技术', '计科', '01', '计科1班'),
('05', '02', '人工智能', '智能', '01', '智能1班'),
('05', '03', '数据科学与大数据技术', '数科', '01', '数科1班'),
('06', '01', '电子信息工程', '电信', '01', '电信1班'),
('06', '02', '通信工程', '通信', '01', '通信1班'),
('06', '03', '物联网工程', '物联', '01', '物联1班');

INSERT IGNORE INTO dorm_info(college_id, building_no, room_no) VALUES
('05', '01', '101'), ('05', '01', '102'), ('05', '01', '103'), ('05', '01', '104'),
('04', '02', '201'), ('04', '02', '202'), ('04', '02', '203'), ('04', '02', '204'),
('06', '03', '301'), ('06', '03', '302'), ('06', '03', '303'), ('06', '03', '304'),
('05', '01', '105'), ('04', '02', '205'), ('06', '03', '305');

INSERT IGNORE INTO student_info
(student_id, phone_number, name, password_hash, role, college_id, major_code, study_years, class_code, serial_no,
 building_no, room_no, first_login_required)
VALUES
('26050140101', '13805010101', '陈一鸣', '123456', 'student', '05', '01', '4', '01', '01', '01', '101', 0),
('26050140102', '13805010102', '李思源', '123456', 'student', '05', '01', '4', '01', '02', '01', '101', 0),
('26050140103', '13805010103', '王嘉宁', '123456', 'student', '05', '01', '4', '01', '03', '01', '101', 0),
('26050140104', '13805010104', '赵启航', '123456', 'student', '05', '01', '4', '01', '04', '01', '101', 0),
('26050140105', '13805010105', '刘星河', '123456', 'student', '05', '01', '4', '01', '05', '01', '102', 0),
('26050140106', '13805010106', '孙知行', '123456', 'student', '05', '01', '4', '01', '06', '01', '102', 0),
('26050140107', '13805010107', '周明哲', '123456', 'student', '05', '01', '4', '01', '07', '01', '102', 0),
('26050140108', '13805010108', '吴嘉树', '123456', 'student', '05', '01', '4', '01', '08', '01', '102', 0),
('26050240109', '13805020109', '郑安然', '123456', 'student', '05', '02', '4', '01', '09', '01', '103', 0),
('26050240110', '13805020110', '冯亦辰', '123456', 'student', '05', '02', '4', '01', '10', '01', '103', 0),
('26050240111', '13805020111', '蒋云帆', '123456', 'student', '05', '02', '4', '01', '11', '01', '103', 0),
('26050240112', '13805020112', '沈清越', '123456', 'student', '05', '02', '4', '01', '12', '01', '103', 0),
('26050240113', '13805020113', '韩景行', '123456', 'student', '05', '02', '4', '01', '13', '01', '104', 0),
('26050240114', '13805020114', '杨子墨', '123456', 'student', '05', '02', '4', '01', '14', '01', '104', 0),
('26050240115', '13805020115', '朱予安', '123456', 'student', '05', '02', '4', '01', '15', '01', '104', 0),
('26050240116', '13805020116', '何清远', '123456', 'student', '05', '02', '4', '01', '16', '01', '104', 0),

('26040140101', '13804010101', '林晚舟', '123456', 'student', '04', '01', '4', '01', '01', '02', '201', 0),
('26040140102', '13804010102', '黄若溪', '123456', 'student', '04', '01', '4', '01', '02', '02', '201', 0),
('26040140103', '13804010103', '许知夏', '123456', 'student', '04', '01', '4', '01', '03', '02', '201', 0),
('26040140104', '13804010104', '高云起', '123456', 'student', '04', '01', '4', '01', '04', '02', '201', 0),
('26040140105', '13804010105', '马思齐', '123456', 'student', '04', '01', '4', '01', '05', '02', '202', 0),
('26040140106', '13804010106', '罗新雨', '123456', 'student', '04', '01', '4', '01', '06', '02', '202', 0),
('26040140107', '13804010107', '梁舒扬', '123456', 'student', '04', '01', '4', '01', '07', '02', '202', 0),
('26040140108', '13804010108', '宋知微', '123456', 'student', '04', '01', '4', '01', '08', '02', '202', 0),
('26040240109', '13804020109', '唐景宁', '123456', 'student', '04', '02', '4', '01', '09', '02', '203', 0),
('26040240110', '13804020110', '邓可然', '123456', 'student', '04', '02', '4', '01', '10', '02', '203', 0),
('26040240111', '13804020111', '曹沐阳', '123456', 'student', '04', '02', '4', '01', '11', '02', '203', 0),
('26040240112', '13804020112', '傅念安', '123456', 'student', '04', '02', '4', '01', '12', '02', '203', 0),
('26040240113', '13804020113', '叶清欢', '123456', 'student', '04', '02', '4', '01', '13', '02', '204', 0),
('26040240114', '13804020114', '潘亦可', '123456', 'student', '04', '02', '4', '01', '14', '02', '204', 0),
('26040240115', '13804020115', '邱泽宇', '123456', 'student', '04', '02', '4', '01', '15', '02', '204', 0),
('26040240116', '13804020116', '袁晨曦', '123456', 'student', '04', '02', '4', '01', '16', '02', '204', 0),

('26060140101', '13806010101', '顾北辰', '123456', 'student', '06', '01', '4', '01', '01', '03', '301', 0),
('26060140102', '13806010102', '程星野', '123456', 'student', '06', '01', '4', '01', '02', '03', '301', 0),
('26060140103', '13806010103', '陆修远', '123456', 'student', '06', '01', '4', '01', '03', '03', '301', 0),
('26060140104', '13806010104', '魏子昂', '123456', 'student', '06', '01', '4', '01', '04', '03', '301', 0),
('26060140105', '13806010105', '谢知白', '123456', 'student', '06', '01', '4', '01', '05', '03', '302', 0),
('26060140106', '13806010106', '余景澄', '123456', 'student', '06', '01', '4', '01', '06', '03', '302', 0),
('26060140107', '13806010107', '苏映川', '123456', 'student', '06', '01', '4', '01', '07', '03', '302', 0),
('26060140108', '13806010108', '丁以恒', '123456', 'student', '06', '01', '4', '01', '08', '03', '302', 0),
('26060240109', '13806020109', '薛明朗', '123456', 'student', '06', '02', '4', '01', '09', '03', '303', 0),
('26060240110', '13806020110', '任嘉佑', '123456', 'student', '06', '02', '4', '01', '10', '03', '303', 0),
('26060240111', '13806020111', '乔安澈', '123456', 'student', '06', '02', '4', '01', '11', '03', '303', 0),
('26060240112', '13806020112', '秦若谷', '123456', 'student', '06', '02', '4', '01', '12', '03', '303', 0),
('26060240113', '13806020113', '江亦航', '123456', 'student', '06', '02', '4', '01', '13', '03', '304', 0),
('26060240114', '13806020114', '彭书言', '123456', 'student', '06', '02', '4', '01', '14', '03', '304', 0),
('26060240115', '13806020115', '曾沐川', '123456', 'student', '06', '02', '4', '01', '15', '03', '304', 0),
('26060240116', '13806020116', '石清砚', '123456', 'student', '06', '02', '4', '01', '16', '03', '304', 0),

('26050140121', NULL, '待注册学生A01', '123456', 'student', '05', '01', '4', '01', '21', NULL, NULL, 1),
('26050140122', NULL, '待注册学生A02', '123456', 'student', '05', '01', '4', '01', '22', NULL, NULL, 1),
('26050140123', NULL, '待注册学生A03', '123456', 'student', '05', '01', '4', '01', '23', NULL, NULL, 1),
('26050140124', NULL, '待注册学生A04', '123456', 'student', '05', '01', '4', '01', '24', NULL, NULL, 1),
('26040140121', NULL, '待注册学生B01', '123456', 'student', '04', '01', '4', '01', '21', NULL, NULL, 1),
('26040140122', NULL, '待注册学生B02', '123456', 'student', '04', '01', '4', '01', '22', NULL, NULL, 1),
('26040140123', NULL, '待注册学生B03', '123456', 'student', '04', '01', '4', '01', '23', NULL, NULL, 1),
('26040140124', NULL, '待注册学生B04', '123456', 'student', '04', '01', '4', '01', '24', NULL, NULL, 1),
('26060140121', NULL, '待注册学生C01', '123456', 'student', '06', '01', '4', '01', '21', NULL, NULL, 1),
('26060140122', NULL, '待注册学生C02', '123456', 'student', '06', '01', '4', '01', '22', NULL, NULL, 1),
('26060140123', NULL, '待注册学生C03', '123456', 'student', '06', '01', '4', '01', '23', NULL, NULL, 1),
('26060140124', NULL, '待注册学生C04', '123456', 'student', '06', '01', '4', '01', '24', NULL, NULL, 1);

INSERT IGNORE INTO student_permission(student_id, permission_code) VALUES
('26050140102', 'STUDENT_VIEW_COLLEGE'),
('26050140102', 'STUDENT_SUBMIT_COLLEGE'),
('26040140102', 'STUDENT_VIEW_COLLEGE'),
('26060140102', 'STUDENT_VIEW_COLLEGE');

INSERT IGNORE INTO teacher_info
(teacher_id, phone_number, name, password_hash, role, college_id, class_code)
VALUES
('90000000001', '13900000001', '计科1班班主任', '123456', 'teacher', '05', '01'),
('90000000002', '13900000002', '人工智能学院辅导员', '123456', 'teacher', '05', '01'),
('90000000003', '13900000003', '校级宿管教师', '123456', 'teacher', NULL, NULL),
('90000000004', '13900000004', '文传学院辅导员', '123456', 'teacher', '04', '01'),
('90000000005', '13900000005', '电子信息学院辅导员', '123456', 'teacher', '06', '01'),
('99999999999', '13999999999', '系统管理员', '123456', 'system_admin', NULL, NULL);

INSERT IGNORE INTO teacher_permission(teacher_id, permission_code) VALUES
('90000000002', 'TEACHER_VIEW_COLLEGE'),
('90000000002', 'TEACHER_AUDIT_COLLEGE'),
('90000000002', 'TEACHER_GRANT_STUDENT_COLLEGE'),
('90000000003', 'TEACHER_VIEW_SCHOOL'),
('90000000003', 'TEACHER_AUDIT_SCHOOL'),
('90000000003', 'TEACHER_GRANT_STUDENT_SCHOOL'),
('90000000003', 'TEACHER_MANAGE_COLLEGE'),
('90000000003', 'TEACHER_MANAGE_CLASS_SCHOOL'),
('90000000004', 'TEACHER_VIEW_COLLEGE'),
('90000000004', 'TEACHER_AUDIT_COLLEGE'),
('90000000004', 'TEACHER_GRANT_STUDENT_COLLEGE'),
('90000000004', 'TEACHER_MANAGE_CLASS_COLLEGE'),
('90000000002', 'TEACHER_MANAGE_CLASS_COLLEGE'),
('90000000005', 'TEACHER_VIEW_COLLEGE'),
('90000000005', 'TEACHER_AUDIT_COLLEGE'),
('90000000005', 'TEACHER_GRANT_STUDENT_COLLEGE'),
('90000000005', 'TEACHER_MANAGE_CLASS_COLLEGE'),
('99999999999', 'SYSTEM_MANAGE_TEACHER_PERMISSION');

INSERT IGNORE INTO violation_info
(violation_id, college_id, building_no, room_no, violation_type, description, occurred_at,
 created_by_type, created_by, created_by_name, created_at)
VALUES
('v000000000000000000000000000001', '05', '01', '101', '卫生不合格', '地面未清扫，桌面杂物较多。', '2026-06-09 09:30:00', 'teacher', '90000000002', '人工智能学院辅导员', '2026-06-09 10:00:00'),
('v000000000000000000000000000002', '05', '01', '102', '晚归', '寝室成员晚归，未按要求登记。', '2026-06-10 22:40:00', 'teacher', '90000000002', '人工智能学院辅导员', '2026-06-10 23:00:00'),
('v000000000000000000000000000003', '04', '02', '201', '违规电器', '检查发现大功率电热锅。', '2026-06-11 15:20:00', 'teacher', '90000000004', '文传学院辅导员', '2026-06-11 16:00:00'),
('v000000000000000000000000000004', '04', '02', '203', '卫生不合格', '阳台堆放垃圾未及时清理。', '2026-06-12 08:50:00', 'teacher', '90000000004', '文传学院辅导员', '2026-06-12 09:10:00'),
('v000000000000000000000000000005', '06', '03', '301', '夜间喧哗', '熄灯后持续大声喧哗。', '2026-06-13 23:15:00', 'teacher', '90000000003', '校级宿管教师', '2026-06-13 23:30:00'),
('v000000000000000000000000000006', '06', '03', '304', '门窗未关', '离寝后阳台门窗未关闭。', '2026-06-14 12:10:00', 'teacher', '90000000003', '校级宿管教师', '2026-06-14 12:30:00');

INSERT IGNORE INTO appeal_info
(appeal_id, violation_id, student_id, reason, status, audit_reply, audited_by, created_at, audited_at)
VALUES
('a000000000000000000000000000001', 'v000000000000000000000000000001', '26050140101', '当天已完成清扫，可能是检查前临时堆放。', 'pending', NULL, NULL, '2026-06-09 13:00:00', NULL),
('a000000000000000000000000000002', 'v000000000000000000000000000003', '26040140101', '电热锅为损坏待带走物品，未在寝室使用。', 'pending', NULL, NULL, '2026-06-11 18:30:00', NULL),
('a000000000000000000000000000003', 'v000000000000000000000000000005', '26060140101', '当晚噪音来自隔壁寝室，希望复核。', 'rejected', '经复核，记录属实。', '90000000003', '2026-06-14 09:00:00', '2026-06-14 11:00:00');
